{"cameraMode":{"drawMode":0,"name":"Shaded","section":"Shading Mode"},"sceneLighting":true,"audioPlay":false,"sceneViewState":{"m_AlwaysRefresh":false,"showFog":true,"showSkybox":true,"showFlares":true,"showImageEffects":true,"showParticleSystems":true,"showVisualEffectGraphs":true,"m_FxEnabled":true},"in2DMode":false,"pivot":{"x":-4.502867698669434,"y":21.251998901367189,"z":11.374981880187989},"rotation":{"x":0.006884307600557804,"y":0.39676326513290408,"z":-0.0029757802840322258,"w":0.9178906083106995},"size":12.805036544799805,"orthographic":false}