{"cameraMode":{"drawMode":0,"name":"Shaded","section":"Shading Mode"},"sceneLighting":true,"audioPlay":false,"sceneViewState":{"m_AlwaysRefresh":false,"showFog":true,"showSkybox":true,"showFlares":true,"showImageEffects":true,"showParticleSystems":true,"showVisualEffectGraphs":true,"m_FxEnabled":true},"in2DMode":false,"pivot":{"x":-10.271479606628418,"y":29.815879821777345,"z":456.0509338378906},"rotation":{"x":0.16999559104442597,"y":0.04432874545454979,"z":-0.007654995657503605,"w":0.9844182133674622},"size":15.08780574798584,"orthographic":false}